{
    "version": 1,
    "author": "Anonymous maker",
    "editor": "wokwi",
    "parts": [
      { "type": "wokwi-breadboard", "id": "bb2", "top": -195, "left": -83.6, "attrs": {} },
      { "type": "wokwi-arduino-uno", "id": "uno", "top": 39, "left": 37.8, "attrs": {} },
      { "type": "wokwi-led", "id": "led1", "top": -186, "left": 3.8, "attrs": { "color": "red" } },
      {
        "type": "wokwi-led",
        "id": "led2",
        "top": -186,
        "left": 291.8,
        "attrs": { "color": "yellow" }
      },
      {
        "type": "wokwi-led",
        "id": "led3",
        "top": -186,
        "left": 195.8,
        "attrs": { "color": "green" }
      },
      { "type": "wokwi-led", "id": "led4", "top": -186, "left": 99.8, "attrs": { "color": "blue" } },
      {
        "type": "wokwi-pushbutton-6mm",
        "id": "btn1",
        "top": -105.1,
        "left": 233.9,
        "rotate": 90,
        "attrs": { "color": "yellow" }
      },
      {
        "type": "wokwi-pushbutton-6mm",
        "id": "btn2",
        "top": -105.1,
        "left": 137.9,
        "rotate": 90,
        "attrs": { "color": "green" }
      },
      {
        "type": "wokwi-pushbutton-6mm",
        "id": "btn3",
        "top": -105.1,
        "left": 41.9,
        "rotate": 90,
        "attrs": { "color": "blue" }
      },
      {
        "type": "wokwi-pushbutton-6mm",
        "id": "btn4",
        "top": -105.1,
        "left": -54.1,
        "rotate": 90,
        "attrs": { "color": "red" }
      },
      {
        "type": "wokwi-resistor",
        "id": "r1",
        "top": -110.4,
        "left": 287.45,
        "rotate": 90,
        "attrs": { "value": "220" }
      },
      {
        "type": "wokwi-resistor",
        "id": "r2",
        "top": -110.4,
        "left": 191.45,
        "rotate": 90,
        "attrs": { "value": "220" }
      },
      {
        "type": "wokwi-resistor",
        "id": "r3",
        "top": -130.45,
        "left": -48,
        "attrs": { "value": "10000" }
      },
      {
        "type": "wokwi-resistor",
        "id": "r4",
        "top": -110.4,
        "left": -0.55,
        "rotate": 90,
        "attrs": { "value": "220" }
      },
      {
        "type": "wokwi-resistor",
        "id": "r5",
        "top": -110.4,
        "left": 95.45,
        "rotate": 90,
        "attrs": { "value": "220" }
      },
      {
        "type": "wokwi-resistor",
        "id": "r6",
        "top": -130.45,
        "left": 48,
        "attrs": { "value": "10000" }
      },
      {
        "type": "wokwi-resistor",
        "id": "r7",
        "top": -130.45,
        "left": 144,
        "attrs": { "value": "10000" }
      },
      {
        "type": "wokwi-resistor",
        "id": "r8",
        "top": -130.45,
        "left": 240,
        "attrs": { "value": "10000" }
      }
    ],
    "connections": [
      [ "btn4:1.r", "bb2:bp.2", "red", [ "v0" ] ],
      [ "bb2:2t.d", "uno:13", "orange", [ "h-76.8", "v144", "h287.6" ] ],
      [ "bb2:8t.d", "bb2:bn.5", "black", [ "v0" ] ],
      [ "led1:C", "bb2:bn.6", "black", [ "v0" ] ],
      [ "bb2:10b.g", "uno:7", "orange", [ "v86.4", "h192" ] ],
      [ "uno:5V", "bb2:bp.1", "red", [ "v19.1", "h-361", "v-259.2" ] ],
      [ "uno:GND.2", "bb2:bn.1", "black", [ "v28.7", "h-341.7", "v-259.2" ] ],
      [ "bb2:12t.d", "uno:12", "blue", [ "v144", "h134.4" ] ],
      [ "btn3:1.r", "bb2:bp.10", "red", [ "v0" ] ],
      [ "bb2:18t.d", "bb2:bn.14", "black", [ "v0" ] ],
      [ "led4:C", "bb2:bn.15", "black", [ "v0" ] ],
      [ "r5:2", "uno:6", "blue", [ "h0", "v94.8", "h115.2" ] ],
      [ "bb2:22t.d", "uno:11", "green", [ "v144", "h38.4" ] ],
      [ "btn2:1.r", "bb2:bp.19", "red", [ "v0" ] ],
      [ "r7:2", "bb2:bn.22", "black", [ "v0" ] ],
      [ "led3:C", "bb2:bn.23", "black", [ "v0" ] ],
      [ "r2:2", "uno:5", "green", [ "h0", "v94.8", "h28.8" ] ],
      [ "bb2:32t.d", "uno:10", "gold", [ "v144", "h-48" ] ],
      [ "btn1:1.r", "bb2:bp.27", "red", [ "v0" ] ],
      [ "bb2:38t.d", "bb2:bn.30", "black", [ "v0" ] ],
      [ "r3:1", "bb2:2t.c", "", [ "$bb" ] ],
      [ "r3:2", "bb2:8t.c", "", [ "$bb" ] ],
      [ "btn4:1.l", "bb2:4t.e", "", [ "$bb" ] ],
      [ "btn4:2.l", "bb2:2t.e", "", [ "$bb" ] ],
      [ "btn4:1.r", "bb2:4b.f", "", [ "$bb" ] ],
      [ "btn4:2.r", "bb2:2b.f", "", [ "$bb" ] ],
      [ "led1:A", "bb2:10t.a", "", [ "$bb" ] ],
      [ "led1:C", "bb2:9t.a", "", [ "$bb" ] ],
      [ "r4:1", "bb2:10t.b", "", [ "$bb" ] ],
      [ "r4:2", "bb2:10b.f", "", [ "$bb" ] ],
      [ "btn3:1.l", "bb2:14t.e", "", [ "$bb" ] ],
      [ "btn3:2.l", "bb2:12t.e", "", [ "$bb" ] ],
      [ "btn3:1.r", "bb2:14b.f", "", [ "$bb" ] ],
      [ "btn3:2.r", "bb2:12b.f", "", [ "$bb" ] ],
      [ "r6:1", "bb2:12t.c", "", [ "$bb" ] ],
      [ "r6:2", "bb2:18t.c", "", [ "$bb" ] ],
      [ "led4:A", "bb2:20t.a", "", [ "$bb" ] ],
      [ "led4:C", "bb2:19t.a", "", [ "$bb" ] ],
      [ "r5:1", "bb2:20t.b", "", [ "$bb" ] ],
      [ "r5:2", "bb2:20b.f", "", [ "$bb" ] ],
      [ "btn2:1.l", "bb2:24t.e", "", [ "$bb" ] ],
      [ "btn2:2.l", "bb2:22t.e", "", [ "$bb" ] ],
      [ "btn2:1.r", "bb2:24b.f", "", [ "$bb" ] ],
      [ "btn2:2.r", "bb2:22b.f", "", [ "$bb" ] ],
      [ "r7:1", "bb2:22t.c", "", [ "$bb" ] ],
      [ "r7:2", "bb2:28t.c", "", [ "$bb" ] ],
      [ "led3:A", "bb2:30t.a", "", [ "$bb" ] ],
      [ "led3:C", "bb2:29t.a", "", [ "$bb" ] ],
      [ "r2:1", "bb2:30t.b", "", [ "$bb" ] ],
      [ "r2:2", "bb2:30b.f", "", [ "$bb" ] ],
      [ "btn1:1.l", "bb2:34t.e", "", [ "$bb" ] ],
      [ "btn1:2.l", "bb2:32t.e", "", [ "$bb" ] ],
      [ "btn1:1.r", "bb2:34b.f", "", [ "$bb" ] ],
      [ "btn1:2.r", "bb2:32b.f", "", [ "$bb" ] ],
      [ "r8:1", "bb2:32t.c", "", [ "$bb" ] ],
      [ "r8:2", "bb2:38t.c", "", [ "$bb" ] ],
      [ "led2:A", "bb2:40t.a", "", [ "$bb" ] ],
      [ "led2:C", "bb2:39t.a", "", [ "$bb" ] ],
      [ "bb2:39t.b", "bb2:bn.31", "black", [ "v0" ] ],
      [ "r1:1", "bb2:40t.b", "", [ "$bb" ] ],
      [ "r1:2", "bb2:40b.f", "", [ "$bb" ] ],
      [ "r1:2", "uno:4", "gold", [ "h0", "v94.8", "h-67.2" ] ]
    ],
    "dependencies": {}
  }